安娜希尔,5.0,测试分数,2025-11-10,23:20:21
郁眠,5.0,测试分数,2025-11-10,23:20:21
认养一头母牛,5.0,测试分数,2025-11-10,23:20:21
三元奶,5.0,测试分数,2025-11-10,23:20:21
坏小猪哥哥,5.0,测试分数,2025-11-10,23:20:21
有肉肉,5.0,测试分数,2025-11-10,23:20:21
泰兰徳羽月,5.0,测试分数,2025-11-10,23:20:21
Usotall,5.0,测试分数,2025-11-10,23:20:21
石菖蒲,5.0,测试分数,2025-11-10,23:20:21
神神气气,5.0,测试分数,2025-11-10,23:20:21
程灵素,5.0,测试分数,2025-11-10,23:20:21
小黑手佳乐,5.0,测试分数,2025-11-10,23:20:21
可爱的狸狸,5.0,测试分数,2025-11-10,23:20:21
巨蟹座祭司,5.0,测试分数,2025-11-10,23:20:21
葫芦仙,5.0,测试分数,2025-11-10,23:20:21
莉莉丝丨,5.0,测试分数,2025-11-10,23:20:21
阿牛,5.0,测试分数,2025-11-10,23:20:21
如月舞,5.0,测试分数,2025-11-10,23:20:21
Alexistina,5.0,测试分数,2025-11-10,23:20:21
淬锋,5.0,测试分数,2025-11-10,23:20:21
小包子,5.0,测试分数,2025-11-10,23:20:21
认养一头母牛,1.0,test,2025-11-10,22:53:03
三元奶,1.0,test,2025-11-10,22:53:03
坏小猪哥哥,1.0,test,2025-11-10,22:53:03
如月舞,1.0,test,2025-11-10,22:53:03
石菖蒲,1.0,test,2025-11-10,22:53:03
神神气气,1.0,test,2025-11-10,22:53:03
程灵素,1.0,test,2025-11-10,22:53:03
天蓝色的学,1.0,test,2025-11-10,22:53:03
锦果果,1.0,test,2025-11-10,22:53:03
我大戈六六,1.0,test,2025-11-10,22:53:03
Aviere,1.0,test,2025-11-10,22:53:03
还得我来,1.0,test,2025-11-10,22:53:03
Alexistina,1.0,test,2025-11-10,22:53:03
大辣条,1.0,test,2025-11-10,22:53:03
皮皮丶,1.0,test,2025-11-10,22:53:03
巨蟹座祭司,1.0,test,2025-11-10,22:53:03
冰猫,1.0,test,2025-11-10,22:53:03
安娜希尔,1.0,test,2025-11-10,22:53:03
郁眠,1.0,test,2025-11-10,22:53:03
血影寂灭,1.0,test,2025-11-10,22:53:03
柠檬酸了心,1.0,test,2025-11-10,22:53:03
老牛爹爹,1.0,test,2025-11-10,22:53:03
嘎哈,1.0,test,2025-11-10,22:53:03
此情念念不忘,1.0,test,2025-11-10,22:53:03
一染尽红尘,1.0,test,2025-11-10,22:53:03
泰兰徳羽月,1.0,test,2025-11-10,22:53:03
Usotall,1.0,test,2025-11-10,22:53:03
小包子,1.0,test,2025-11-10,22:53:03
雨爷,1.0,test,2025-11-10,22:53:03
可爱的狸狸,1.0,test,2025-11-10,22:53:03
小黑手佳乐,1.0,test,2025-11-10,22:53:03
丨吉丨安娜,1.0,test,2025-11-10,22:53:03
葫芦仙,1.0,test,2025-11-10,22:53:03
莉莉丝丨,1.0,test,2025-11-10,22:53:03
阿牛,1.0,test,2025-11-10,22:53:03
圣经丶冰,1.0,test,2025-11-10,22:53:03
祖鲁希德阿猫,1.0,test,2025-11-10,22:53:03
淬锋,1.0,test,2025-11-10,22:53:03
有肉肉,1.0,test,2025-11-10,22:53:03
安娜希尔,1.0,test,2025-11-10,22:52:30
认养一头母牛,1.0,下线,2025-10-30,01:10:14
安娜希尔,1.0,k40boss1,2025-10-30,01:08:02
认养一头母牛,1.0,k40boss1,2025-10-30,01:08:02
认养一头母牛,-1.0,上线,2025-10-30,01:10:24
三元奶,-3.0,邪铸纳斯雷萨指轮,2025-11-10,23:20:48
安娜希尔,-3.0,测试扣分,2025-11-10,23:20:32
郁眠,-3.0,测试扣分,2025-11-10,23:20:32
认养一头母牛,-3.0,测试扣分,2025-11-10,23:20:32
三元奶,-3.0,测试扣分,2025-11-10,23:20:32
坏小猪哥哥,-3.0,测试扣分,2025-11-10,23:20:32
有肉肉,-3.0,测试扣分,2025-11-10,23:20:32
泰兰徳羽月,-3.0,测试扣分,2025-11-10,23:20:32
Usotall,-3.0,测试扣分,2025-11-10,23:20:32
石菖蒲,-3.0,测试扣分,2025-11-10,23:20:32
神神气气,-3.0,测试扣分,2025-11-10,23:20:32
程灵素,-3.0,测试扣分,2025-11-10,23:20:32
小黑手佳乐,-3.0,测试扣分,2025-11-10,23:20:32
可爱的狸狸,-3.0,测试扣分,2025-11-10,23:20:32
巨蟹座祭司,-3.0,测试扣分,2025-11-10,23:20:32
葫芦仙,-3.0,测试扣分,2025-11-10,23:20:32
莉莉丝丨,-3.0,测试扣分,2025-11-10,23:20:32
阿牛,-3.0,测试扣分,2025-11-10,23:20:32
如月舞,-3.0,测试扣分,2025-11-10,23:20:32
Alexistina,-3.0,测试扣分,2025-11-10,23:20:32
淬锋,-3.0,测试扣分,2025-11-10,23:20:32
小包子,-3.0,测试扣分,2025-11-10,23:20:32
安娜希尔,2.0,项链,2025-11-10,22:54:54
